物超所值,包装用心,物流极速,做工一流,款式一流,服务一流,,,,
物流极速,做工一流,物超所值,包装用心,款式一流,服务一流,高端上档次,尺寸适宜,质感一流,真材实料
物流极速,做工一流,包装用心,物超所值,款式一流,服务一流,高端上档次,质感一流,尺寸适宜,真材实料
物流极速,价格实惠,服务一流,做工一流,包装用心,尺寸适宜,外型可爱,高端上档次,毫无色差,款式一流
款式漂亮,颜色纯正,温和滋润,质地柔软舒适,清爽舒适,细腻光滑,清香四溢,品种齐全,,
物流极速,做工一流,外型可爱,包装用心,物超所值,服务一流,款式一流,色彩靓丽,质感一流,材质上乘
物流极速,外型可爱,物超所值,包装用心,服务一流,质感一流,色彩靓丽,尺寸适宜,外型炫酷,做工一流
包装用心,做工一流,物流极速,外型可爱,服务一流,物超所值,色彩靓丽,质感一流,外型炫酷,材质上乘
物流极速,物超所值,服务一流,包装用心,做工一流,真材实料,高端上档次,款式一流,尺寸适宜,设计一流
物流极速,服务一流,价格实惠,包装用心,高端上档次,设计一流,色彩靓丽,做工一流,款式一流,
物流极速,物流给力,物超所值,配送员棒,,,,,,
物流极速,物超所值,款式一流,包装用心,服务一流,做工一流,尺寸适宜,,,
物流极速,服务一流,价格实惠,物超所值,做工一流,外型可爱,,,,
物流极速,物超所值,做工一流,服务一流,款式一流,包装用心,质感一流,真材实料,高端上档次,尺寸适宜
包装用心,物流极速,外型可爱,物超所值,服务一流,款式一流,色彩纯正,做工一流,毫无色差,尺寸适宜
物超所值,外型可爱,物流极速,质感一流,真材实料,高端上档次,服务一流,,,
物流极速,包装用心,外型可爱,物超所值,物流给力,质感一流,真材实料,高端上档次,做工一流,设计一流
物流极速,物超所值,服务一流,包装用心,高端上档次,做工一流,外型可爱,质感一流,尺寸适宜,色彩靓丽
物流极速,包装用心,外型可爱,物超所值,服务一流,做工一流,质感一流,色彩靓丽,款式一流,真材实料
包装用心,款式一流,价格实惠,质感一流,免费换新,做工一流,物流极速,,,
物流极速,物超所值,服务一流,包装用心,高端上档次,做工一流,款式一流,质感一流,尺寸适宜,色彩纯正
物流极速,价格实惠,高端上档次,外型可爱,服务一流,质感一流,做工一流,包装用心,,
包装用心,物流极速,物超所值,高端上档次,色彩靓丽,服务一流,色彩纯正,款式一流,做工一流,质感一流
物流极速,价格实惠,物超所值,服务一流,,,,,,
价格实惠,物流极速,做工一流,款式一流,色彩靓丽,外型可爱,物流给力,材质上乘,包装用心,真材实料
物流极速,做工一流,外型可爱,物超所值,包装用心,服务一流,色彩靓丽,材质上乘,真材实料,高端上档次
物流极速,做工一流,物超所值,包装用心,服务一流,真材实料,款式一流,尺寸适宜,色彩靓丽,高端上档次
物流极速,外型可爱,包装用心,,,,,,,
做工一流,物流给力,物流极速,价格实惠,色彩靓丽,服务一流,,,,
物超所值,包装用心,物流极速,做工一流,款式一流,服务一流,,,,
物流极速,做工一流,物超所值,包装用心,款式一流,服务一流,高端上档次,尺寸适宜,质感一流,真材实料
物流极速,做工一流,包装用心,物超所值,款式一流,服务一流,高端上档次,质感一流,尺寸适宜,真材实料
物流极速,价格实惠,服务一流,做工一流,包装用心,尺寸适宜,外型可爱,高端上档次,毫无色差,款式一流
款式漂亮,颜色纯正,温和滋润,质地柔软舒适,清爽舒适,细腻光滑,清香四溢,品种齐全,,
物流极速,做工一流,外型可爱,包装用心,物超所值,服务一流,款式一流,色彩靓丽,质感一流,材质上乘
物流极速,外型可爱,物超所值,包装用心,服务一流,质感一流,色彩靓丽,尺寸适宜,外型炫酷,做工一流
包装用心,做工一流,物流极速,外型可爱,服务一流,物超所值,色彩靓丽,质感一流,外型炫酷,材质上乘
物流极速,物超所值,服务一流,包装用心,做工一流,真材实料,高端上档次,款式一流,尺寸适宜,设计一流
物流极速,服务一流,价格实惠,包装用心,高端上档次,设计一流,色彩靓丽,做工一流,款式一流,
物流极速,物流给力,物超所值,配送员棒,,,,,,
物流极速,物超所值,款式一流,包装用心,服务一流,做工一流,尺寸适宜,,,
物流极速,服务一流,价格实惠,物超所值,做工一流,外型可爱,,,,
物流极速,物超所值,做工一流,服务一流,款式一流,包装用心,质感一流,真材实料,高端上档次,尺寸适宜
包装用心,物流极速,外型可爱,物超所值,服务一流,款式一流,色彩纯正,做工一流,毫无色差,尺寸适宜
物超所值,外型可爱,物流极速,质感一流,真材实料,高端上档次,服务一流,,,
物流极速,包装用心,外型可爱,物超所值,物流给力,质感一流,真材实料,高端上档次,做工一流,设计一流
物流极速,物超所值,服务一流,包装用心,高端上档次,做工一流,外型可爱,质感一流,尺寸适宜,色彩靓丽
物流极速,包装用心,外型可爱,物超所值,服务一流,做工一流,质感一流,色彩靓丽,款式一流,真材实料
包装用心,款式一流,价格实惠,质感一流,免费换新,做工一流,物流极速,,,
物流极速,物超所值,服务一流,包装用心,高端上档次,做工一流,款式一流,质感一流,尺寸适宜,色彩纯正
物流极速,价格实惠,高端上档次,外型可爱,服务一流,质感一流,做工一流,包装用心,,
包装用心,物流极速,物超所值,高端上档次,色彩靓丽,服务一流,色彩纯正,款式一流,做工一流,质感一流
物流极速,价格实惠,物超所值,服务一流,,,,,,
价格实惠,物流极速,做工一流,款式一流,色彩靓丽,外型可爱,物流给力,材质上乘,包装用心,真材实料
物流极速,做工一流,外型可爱,物超所值,包装用心,服务一流,色彩靓丽,材质上乘,真材实料,高端上档次
物流极速,做工一流,物超所值,包装用心,服务一流,真材实料,款式一流,尺寸适宜,色彩靓丽,高端上档次
物流极速,外型可爱,包装用心,,,,,,,
做工一流,物流给力,物流极速,价格实惠,色彩靓丽,服务一流,,,,
